title,sub_title,description,sac_code,rate
"Maintenance, repair and installation (except construction) services",Installation services (other than construction) ,"Installation services of fabricated metal products, except machinery and equipment.",SAC 998731,18
Construction Services,Building completion and finishing services ,"Services involving Repair, alterations, additions, replacements, maintenance of the completion/finishing works covered above.",SAC 995479,18
Construction Services,Building completion and finishing services ,Other building completion and finishing services n.e.c.,SAC 995478,18
Construction Services,Building completion and finishing services ,Fencing and railing services,SAC 995477,18
"Maintenance, repair and installation (except construction) services",Repair services of other goods ,Maintenance and repair services of other goods n.e.c.,SAC 998729,18
Construction Services,Building completion and finishing services ,"Other floor laying, wall covering and wall papering services",SAC 995475,18
"Sewage and waste collection, treatment and disposal and other environmental protection services",Remediation services ,Site remediation and clean-up services,SAC 999441,18
"Maintenance, repair and installation (except construction) services",Installation services (other than construction) ,Installation services of other goods n.e.c.,SAC 998739,18
Construction Services,Building completion and finishing services ,Joinery and carpentry services,SAC 995476,18
"Maintenance, repair and installation (except construction) services",Installation services (other than construction) ,"Installation services of professional medical machinery and equipment, and precision and optical instruments.",SAC 998735,18
"Other professional, technical and business services","Other professional, technical and business services. ","Other professional, technical and business services n.e.c.",SAC 998399,18
"Other professional, technical and business services","Other professional, technical and business services. ",Trademarks and franchises,SAC 998396,18
"Other professional, technical and business services","Other professional, technical and business services. ",Translation and interpretation services,SAC 998395,18
"Other professional, technical and business services","Other professional, technical and business services. ",Sponsorship Services & Brand Promotion Services,SAC 998397,18
Research and development services,Research and development originals ,Research and development originals in other fields n.e.c.,SAC 998145,18
"Maintenance, repair and installation (except construction) services",Installation services (other than construction) ,Installation services of electrical machinery and apparatus n.e.c.,SAC 998736,18
Research and development services,Research and development originals ,Research and development originals in biotechnology,SAC 998143,18
Services provided by extraterritorial organizations and bodies.,Services provided by extraterritorial organizations and bodies. ,Services by a foreign diplomatic mission/ extra-territorial organizations and bodies located in India.,SAC 999900,0
"Other professional, technical and business services","Other professional, technical and business services. ",Original compilations of facts/information,SAC 998394,18
Research and development services,Research and development originals ,Research and development originals in pharmaceuticals,SAC 998141,18
Research and development services,Research and development originals ,Research and development originals in agriculture,SAC 998142,18
Research and development services,Research and development originals ,Research and development originals in computer related sciences,SAC 998144,18
Research and development services,Interdisciplinary research services. ,Interdisciplinary research and experimental development services.,SAC 998130,18
Research and development services,Research and experimental development services in social sciences and humanities. ,Research and experimental development services in humanities,SAC 998122,18
Research and development services,Research and experimental development services in social sciences and humanities. ,Research and experimental development services in social sciences.,SAC 998121,18
"Telecommunications, broadcasting and information supply services","Broadcasting, programming and programme distribution services ",Broadcasting services,SAC 998465,18
Research and development services,Research and experimental development services in natural sciences and engineering. ,Research and experimental development services in natural sciences,SAC 998111,18
"Telecommunications, broadcasting and information supply services","Broadcasting, programming and programme distribution services ",Television channel programmes,SAC 998464,18
Research and development services,Research and experimental development services in natural sciences and engineering. ,Research and experimental development services in engineering and technology,SAC 998112,18
Research and development services,Research and experimental development services in natural sciences and engineering. ,Research and experimental development services in medical sciences and pharmacy.,SAC 998113,18
"Telecommunications, broadcasting and information supply services","Broadcasting, programming and programme distribution services ",Radio channel programmes,SAC 998463,18
"Telecommunications, broadcasting and information supply services","Broadcasting, programming and programme distribution services ",Home programme distribution services,SAC 998466,18
Research and development services,Research and experimental development services in natural sciences and engineering. ,Research and experimental development services in agricultural sciences.,SAC 998114,18
"Telecommunications, broadcasting and information supply services",Library and archive services ,Operation services of historical archives including digital archives,SAC 998453,18
"Telecommunications, broadcasting and information supply services","Broadcasting, programming and programme distribution services ",Radio broadcast originals,SAC 998461,18
"Telecommunications, broadcasting and information supply services","Broadcasting, programming and programme distribution services ",Television broadcast originals,SAC 998462,18
"Telecommunications, broadcasting and information supply services",Library and archive services ,Library services,SAC 998451,18
"Telecommunications, broadcasting and information supply services",News agency services ,News agency services to audiovisual media,SAC 998443,18
"Telecommunications, broadcasting and information supply services",News agency services ,Services of independent journalists and press photographers,SAC 998442,18
"Telecommunications, broadcasting and information supply services",Library and archive services ,Operation services of public archives including digital archives,SAC 998452,18
"Telecommunications, broadcasting and information supply services",On-line content services ,Other on-line contents n.e.c.,SAC 998439,18
"Telecommunications, broadcasting and information supply services",News agency services ,News agency services to newspapers and periodicals,SAC 998441,12
"Telecommunications, broadcasting and information supply services",On-line content services ,Software downloads,SAC 998434,18
"Telecommunications, broadcasting and information supply services",On-line content services ,On-line audio content,SAC 998432,18
"Telecommunications, broadcasting and information supply services",On-line content services ,On-line video content,SAC 998433,18
"Telecommunications, broadcasting and information supply services",On-line content services ,"On-line text based information such as online books, newpapers, periodicals, directories etc",SAC 998431,12
"Telecommunications, broadcasting and information supply services",Internet telecommunications services ,Other Internet telecommunications services n.e.c.,SAC 998429,18
"Telecommunications, broadcasting and information supply services",Internet telecommunications services ,Audio conferencing and video conferencing over the Internet,SAC 998424,18
"Telecommunications, broadcasting and information supply services",Internet telecommunications services ,Internet access services in wired and wireless mode.,SAC 998422,18
"Telecommunications, broadcasting and information supply services",Internet telecommunications services ,Internet backbone services,SAC 998421,18
"Telecommunications, broadcasting and information supply services",Telephony and other telecommunications services ,"Other telecommunications services including Fax services, Telex services n.e.c.",SAC 998419,18
"Telecommunications, broadcasting and information supply services",Telephony and other telecommunications services ,Data transmission services,SAC 998415,18
"Telecommunications, broadcasting and information supply services",Telephony and other telecommunications services ,Mobile telecommunications services,SAC 998413,18
"Telecommunications, broadcasting and information supply services",Internet telecommunications services ,"Fax, telephony over the Internet",SAC 998423,18
"Telecommunications, broadcasting and information supply services",Telephony and other telecommunications services ,Carrier services,SAC 998411,18
"Telecommunications, broadcasting and information supply services",Telephony and other telecommunications services ,Fixed telephony services,SAC 998412,18
"Telecommunications, broadcasting and information supply services",Telephony and other telecommunications services ,Private network services,SAC 998414,18
Leasing or rental services with or without operator,Licensing services for the right to use intellectual property and similar products ,Licensing services for right to use other natural resources including telecommunication spectrum,SAC 997338,18
Leasing or rental services with or without operator,Licensing services for the right to use intellectual property and similar products ,Licensing services for the right to use minerals including its exploration and evaluation,SAC 997337,18
Leasing or rental services with or without operator,Licensing services for the right to use intellectual property and similar products ,Licensing services for the right to use trademarks and franchises,SAC 997336,18
Leasing or rental services with or without operator,Licensing services for the right to use intellectual property and similar products ,Licensing services for the right to use R&D products,SAC 997335,18
Leasing or rental services with or without operator,Licensing services for the right to use intellectual property and similar products ,Licensing services for the right to use other intellectual property products and other rescources n.e.c,SAC 997339,18
Leasing or rental services with or without operator,Licensing services for the right to use intellectual property and similar products ,"Licensing services for the right to reprint and copy manuscripts, books, journals and periodicals.",SAC 997334,18
Leasing or rental services with or without operator,Licensing services for the right to use intellectual property and similar products ,Licensing services for the right to reproduce original art works,SAC 997333,18
Leasing or rental services with or without operator,Licensing services for the right to use intellectual property and similar products ,Licensing services for the right to use computer software and databases.,SAC 997331,18
Leasing or rental services with or without operator,Licensing services for the right to use intellectual property and similar products ,"Licensing services for the right to broadcast and show original films, sound recordings, radio and television programme etc.",SAC 997332,18
Leasing or rental services with or without operator,Leasing or rental services concerning other goods ,Leasing or rental services concerning other goods,SAC 997329,18
Leasing or rental services with or without operator,Leasing or rental services concerning other goods ,Leasing or rental services concerning do-it-yourself machinery and equipment,SAC 997327,18
Leasing or rental services with or without operator,Leasing or rental services concerning other goods ,"Leasing or rental services concerning textiles, clothing and footwear.",SAC 997326,5
Leasing or rental services with or without operator,Leasing or rental services concerning other goods ,Leasing or rental services concerning pleasure and leisure equipment.,SAC 997324,18
Leasing or rental services with or without operator,Leasing or rental services concerning other goods ,Leasing or rental services concerning household linen.,SAC 997325,18
Leasing or rental services with or without operator,Leasing or rental services concerning other goods ,Leasing or rental services concerning furniture and other household appliances,SAC 997323,18
Leasing or rental services with or without operator,Leasing or rental services concerning other goods ,Leasing or rental services concerning video tapes and disks (Home entertainment equipment ),SAC 997322,18
Leasing or rental services with or without operator,Leasing or rental services concerning other goods ,"Leasing or rental services concerning televisions, radios, video cassette recorders, projectors, audio systems and related equipment and accessories (Home entertainment equipment )",SAC 997321,18
Leasing or rental services with or without operator,Leasing or rental services concerning machinery and equipment with or without operator ,Leasing or rental services concerning other machinery and equipments with or without operator,SAC 997319,18
Leasing or rental services with or without operator,Leasing or rental services concerning machinery and equipment with or without operator ,Leasing or rental services concerning telecommunications equipment with or without operator,SAC 997316,18
Leasing or rental services with or without operator,Leasing or rental services concerning machinery and equipment with or without operator ,Leasing or rental services concerning computers with or without operators,SAC 997315,18
Leasing or rental services with or without operator,Leasing or rental services concerning machinery and equipment with or without operator ,Leasing or rental services concerning agricultural machinery and equipment with or without operator,SAC 997312,0
Leasing or rental services with or without operator,Leasing or rental services concerning machinery and equipment with or without operator ,Leasing or rental services concerning construction machinery and equipment with or without operator,SAC 997313,18
Leasing or rental services with or without operator,Leasing or rental services concerning machinery and equipment with or without operator ,"Leasing or rental services concerning transport equipments including containers, with or without operator",SAC 997311,18
Leasing or rental services with or without operator,Leasing or rental services concerning machinery and equipment with or without operator ,Leasing or rental services concerning office machinery and equipment (except computers) with or without operator,SAC 997314,18
Legal and accounting services,Tax consultancy and preparation services ,Individual tax preparation and planning services,SAC 998232,18
Legal and accounting services,Insolvency and receivership services ,Insolvency and receivership services,SAC 998240,18
Legal and accounting services,Tax consultancy and preparation services ,Corporate tax consulting and preparation services,SAC 998231,18
Legal and accounting services,"Accounting, auditing and bookkeeping services ",Other similar services n.e.c,SAC 998224,18
Legal and accounting services,"Accounting, auditing and bookkeeping services ",Payroll services,SAC 998223,18
Legal and accounting services,"Accounting, auditing and bookkeeping services ",Accounting and bookkeeping services,SAC 998222,18
Legal and accounting services,"Accounting, auditing and bookkeeping services ",Financial auditing services,SAC 998221,18
Legal and accounting services,Legal services ,Other legal services n.e.c.,SAC 998216,18
Legal and accounting services,Legal services ,Arbitration and conciliation services,SAC 998215,18
Legal and accounting services,Legal services ,Legal documentation and certification services concerning other documents.,SAC 998214,18
Legal and accounting services,Legal services ,"Legal documentation and certification services concerning patents, copyrights and other intellectual property rights.",SAC 998213,18
Legal and accounting services,Legal services ,Legal advisory and representation services concerning other fields of law.,SAC 998212,18
"Other professional, technical and business services","Other professional, technical and business services. ",Scientific and technical consulting services,SAC 998393,18
Legal and accounting services,Legal services ,Legal advisory and representation services concerning criminal law.,SAC 998211,18
"Other professional, technical and business services","Other professional, technical and business services. ",Design originals,SAC 998392,18
"Other professional, technical and business services","Other professional, technical and business services. ","Specialty design services including interior design, fashion design, industrial design and other specialty design services",SAC 998391,18
"Other professional, technical and business services",Photography & Videography and their processing services ,Photographic & videographic processing services,SAC 998386,18
"Other professional, technical and business services",Photography & Videography and their processing services ,Restoration and retouching services of photography,SAC 998385,18
"Other professional, technical and business services",Photography & Videography and their processing services ,Other Photography & Videography and their processing services n.e.c.,SAC 998387,18
"Other professional, technical and business services",Photography & Videography and their processing services ,Specialty photography services,SAC 998384,18
"Other professional, technical and business services",Photography & Videography and their processing services ,Portrait photography services,SAC 998381,18
"Other professional, technical and business services",Photography & Videography and their processing services ,Event photography and event videography services,SAC 998383,18
"Other professional, technical and business services",Photography & Videography and their processing services ,Advertising and related photography services,SAC 998382,18
"Other professional, technical and business services",Market research and public opinion polling services ,Public opinion polling services,SAC 998372,18
"Other professional, technical and business services",Market research and public opinion polling services ,Market research services,SAC 998371,18
"Other professional, technical and business services",Advertising services and provision of advertising space or time. ,Sale of other advertising space or time (except on commission),SAC 998366,18
"Other professional, technical and business services",Advertising services and provision of advertising space or time. ,Sale of Internet advertising space,SAC 998365,18
"Other professional, technical and business services",Advertising services and provision of advertising space or time. ,Sale of TV and radio advertising time,SAC 998364,18
"Other professional, technical and business services",Advertising services and provision of advertising space or time. ,Sale of advertising space in print media (except on commission),SAC 998363,5
"Other professional, technical and business services",Advertising services and provision of advertising space or time. ,"Purchase or sale of advertising space or time, on commission",SAC 998362,18
"Other professional, technical and business services",Advertising services and provision of advertising space or time. ,Advertising Services,SAC 998361,18
"Other professional, technical and business services",Veterinary services ,Other veterinary services n.e.c.,SAC 998359,18
"Other professional, technical and business services",Veterinary services ,Veterinary services for livestock,SAC 998352,0
"Other professional, technical and business services",Veterinary services ,Veterinary services for pet animals,SAC 998351,0
"Other professional, technical and business services",Scientific and other technical services ,Certification and authentication of works of art,SAC 998348,18
"Other professional, technical and business services",Scientific and other technical services ,Technical testing and analysis services,SAC 998346,18
"Other professional, technical and business services",Scientific and other technical services ,"Certification of ships, aircraft, dams, etc.",SAC 998347,18
"Other professional, technical and business services",Scientific and other technical services ,Other technical and scientific services n.e.c.,SAC 998349,18
"Other professional, technical and business services",Scientific and other technical services ,Surface surveying and map-making services,SAC 998344,18
"Other professional, technical and business services",Scientific and other technical services ,Mineral exploration and evaluation,SAC 998343,18
"Other professional, technical and business services",Scientific and other technical services ,Geological and geophysical consulting services,SAC 998341,18
"Other professional, technical and business services",Scientific and other technical services ,Weather forecasting and meteorological services,SAC 998345,18
"Other professional, technical and business services",Scientific and other technical services ,Subsurface surveying services,SAC 998342,18
"Other professional, technical and business services",Engineering services ,Engineering services for telecommunications and broadcasting projects,SAC 998336,18
"Other professional, technical and business services",Engineering services ,Engineering services for power projects,SAC 998335,18
"Other professional, technical and business services",Engineering services ,Project management services for construction projects,SAC 998339,18
"Other professional, technical and business services",Engineering services ,Engineering services for industrial and manufacturing projects,SAC 998333,18
"Other professional, technical and business services",Engineering services ,Engineering services for transportation projects,SAC 998334,18
"Other professional, technical and business services",Engineering services ,Engineering services for building projects,SAC 998332,18
"Other professional, technical and business services",Engineering services ,"Engineering services for waste management projects (hazardous and non-hazardous), for water, sewerage and drainage projects.",SAC 998337,18
"Other professional, technical and business services",Engineering services ,"Licensing services for the right to broadcast and show original films, sound recordings, radio and television programme etc.",SAC 998332,18
"Other professional, technical and business services",Engineering services ,Engineering services for other projects n.e.c.,SAC 998338,18
"Other professional, technical and business services",Engineering services ,Engineering advisory services,SAC 998331,18
"Other professional, technical and business services","Architectural services, urban and land planning and landscape architectural services ",Landscape architectural services and advisory services,SAC 998328,18
"Other professional, technical and business services","Architectural services, urban and land planning and landscape architectural services ",Project site master planning services,SAC 998327,18
"Other professional, technical and business services","Architectural services, urban and land planning and landscape architectural services ",Rural land planning services,SAC 998326,18
"Other professional, technical and business services","Architectural services, urban and land planning and landscape architectural services ",Urban planning services,SAC 998325,18
"Other professional, technical and business services","Architectural services, urban and land planning and landscape architectural services ",Historical restoration architectural services,SAC 998324,18
"Other professional, technical and business services","Architectural services, urban and land planning and landscape architectural services ",Architectural services for non-residential building projects,SAC 998323,18
"Other professional, technical and business services","Architectural services, urban and land planning and landscape architectural services ",Architectural advisory services,SAC 998321,18
"Other professional, technical and business services","Architectural services, urban and land planning and landscape architectural services ",Architectural services for residential building projects,SAC 998322,18
"Other professional, technical and business services",Management consulting and management services; information technology services. ,Other information technology services n.e.c,SAC 998319,18
"Other professional, technical and business services",Management consulting and management services; information technology services. ,IT infrastructure and network management services,SAC 998316,18
"Other professional, technical and business services",Management consulting and management services; information technology services. ,Hosting and information technology (IT) infrastructure provisioning services,SAC 998315,18
"Other professional, technical and business services",Management consulting and management services; information technology services. ,Information technology (IT) consulting and support services,SAC 998313,18
"Other professional, technical and business services",Management consulting and management services; information technology services. ,"Management consulting and management services including financial, strategic, human resources, marketing, operations and supply chain management.",SAC 998311,18
"Other professional, technical and business services",Management consulting and management services; information technology services. ,Information technology (IT) design and development services,SAC 998314,18
Support services,Other support services ,Other information services n.e.c.,SAC 998598,18
Support services,Other support services ,Landscape care and maintenance services,SAC 998597,18
Support services,Other support services ,"Events, Exhibitions, Conventions and trade shows organisation and assistance services",SAC 998596,18
Support services,Other support services ,"Specialized office support services such as duplicating services, mailing services, document preparation etc",SAC 998595,18
Support services,Other support services ,Combined office administrative services,SAC 998594,18
Support services,Other support services ,Telephone-based support services,SAC 998593,18
"Other professional, technical and business services",Management consulting and management services; information technology services. ,Business consulting services including pubic relations services,SAC 998312,18
Support services,Other support services ,Collection agency services,SAC 998592,18
Support services,"Travel arrangement, tour operator and related services ",Tourism promotion and visitor information services,SAC 998557,18
Support services,Other support services ,Credit reporting & rating services,SAC 998591,18
Support services,Other support services ,Other support services n.e.c.,SAC 998599,18
Support services,"Travel arrangement, tour operator and related services ",Other travel arrangement and related services n.e.c,SAC 998559,18
Support services,"Travel arrangement, tour operator and related services ",Tour operator services,SAC 998555,5
Support services,"Travel arrangement, tour operator and related services ",Tourist guide services,SAC 998556,18
Support services,"Travel arrangement, tour operator and related services ","Reservation services for accommodation, cruises and package tours",SAC 998552,18
Support services,"Travel arrangement, tour operator and related services ","Reservation services for convention centres, congress centres and exhibition halls",SAC 998553,18
Support services,Packaging services ,Other packaging services n.e.c,SAC 998549,18
Support services,"Travel arrangement, tour operator and related services ",Reservation services for transportation,SAC 998551,18
Support services,Packaging services ,Coin and currency packing services,SAC 998542,18
Support services,Packaging services ,Parcel packing and gift wrapping,SAC 998541,18
Support services,"Travel arrangement, tour operator and related services ","Reservation services for event tickets, cinema halls, entertainment and recreational services and other reservation services",SAC 998554,18
Support services,Packaging services ,Packaging services of goods for others,SAC 998540,18
Support services,Cleaning services ,Other cleaning services n.e.c.,SAC 998539,18
Support services,Cleaning services ,Cleaning of transportation equipment,SAC 998538,18
Support services,Cleaning services ,Exterior cleaning of buildings of all types,SAC 998537,18
Support services,Cleaning services ,Furnace and chimney cleaning services,SAC 998536,18
Support services,Cleaning services ,Sterilization of objects or premises (operating rooms),SAC 998535,18
Support services,Cleaning services ,General cleaning services,SAC 998533,18
Support services,Cleaning services ,Specialized cleaning services for reservoirs and tanks,SAC 998534,18
Support services,Cleaning services ,Window cleaning services,SAC 998532,18
Support services,Cleaning services ,Disinfecting and exterminating services,SAC 998531,18
Support services,Investigation and security services ,Fingerprinting services,SAC 998528,18
Support services,Investigation and security services ,Other security services n.e.c.,SAC 998529,18
Support services,Investigation and security services ,Polygraph services,SAC 998527,18
Support services,Investigation and security services ,Guard services,SAC 998525,18
Support services,Investigation and security services ,Armoured car services,SAC 998524,18
Support services,Investigation and security services ,Security systems services,SAC 998523,18
Support services,Investigation and security services ,Training of guard dogs,SAC 998526,18
Support services,Investigation and security services ,Security consulting services,SAC 998522,18
Support services,Investigation and security services ,Investigation services,SAC 998521,18
Support services,Employment services including personnel search/referral service & labour supply service ,Other employment & labour supply services n.e.c,SAC 998519,18
Support services,Employment services including personnel search/referral service & labour supply service ,Co-employment staffing services,SAC 998517,18
Support services,Employment services including personnel search/referral service & labour supply service ,Temporary staffing-to-permanent placement services,SAC 998516,18
Support services,Employment services including personnel search/referral service & labour supply service ,Long-term staffing (pay rolling) services,SAC 998515,18
Support services,Employment services including personnel search/referral service & labour supply service ,Temporary staffing services,SAC 998514,18
Support services,Employment services including personnel search/referral service & labour supply service ,Contract staffing services,SAC 998513,18
Support services,Employment services including personnel search/referral service & labour supply service ,"Permanent placement services, other than executive search services",SAC 998512,18
Support services,Employment services including personnel search/referral service & labour supply service ,Executive/retained personnel search services,SAC 998511,18
Manufacturing services on physical inputs (goods) owned by others,Other manufacturing services ,Other manufacturing services n.e.c.,SAC 998898,18
Manufacturing services on physical inputs (goods) owned by others,Other manufacturing services ,Medical and dental instrument and supply manufacturing services,SAC 998897,18
Manufacturing services on physical inputs (goods) owned by others,Other manufacturing services ,Game and toy manufacturing services,SAC 998896,18
Manufacturing services on physical inputs (goods) owned by others,Other manufacturing services ,Sports goods manufacturing services,SAC 998895,18
Manufacturing services on physical inputs (goods) owned by others,Other manufacturing services ,Musical instrument manufacturing services,SAC 998894,18
Manufacturing services on physical inputs (goods) owned by others,Other manufacturing services ,Imitation jewellery manufacturing services,SAC 998893,18
Manufacturing services on physical inputs (goods) owned by others,Other manufacturing services ,Jewellery manufacturing services,SAC 998892,18
Manufacturing services on physical inputs (goods) owned by others,Other manufacturing services ,Furniture manufacturing services,SAC 998891,18
Manufacturing services on physical inputs (goods) owned by others,Transport equipment manufacturing services ,Other transport equipment manufacturing services,SAC 998882,18
Manufacturing services on physical inputs (goods) owned by others,Transport equipment manufacturing services ,Motor vehicle and trailer manufacturing services,SAC 998881,18
Manufacturing services on physical inputs (goods) owned by others,"Fabricated metal product, machinery and equipment manufacturing services ",Special-purpose machinery manufacturing services,SAC 998877,18
Manufacturing services on physical inputs (goods) owned by others,"Fabricated metal product, machinery and equipment manufacturing services ",General-purpose machinery manufacturing services n.e.c.,SAC 998876,18
Manufacturing services on physical inputs (goods) owned by others,"Fabricated metal product, machinery and equipment manufacturing services ",Electrical equipment manufacturing services,SAC 998875,18
Manufacturing services on physical inputs (goods) owned by others,"Fabricated metal product, machinery and equipment manufacturing services ","Computer, electronic and optical product manufacturing services",SAC 998874,18
Manufacturing services on physical inputs (goods) owned by others,"Fabricated metal product, machinery and equipment manufacturing services ",Weapon and ammunition manufacturing services,SAC 998872,18
Manufacturing services on physical inputs (goods) owned by others,Basic metal manufacturing services ,Basic metal manufacturing services,SAC 998860,18
Manufacturing services on physical inputs (goods) owned by others,"Rubber, plastic and other non-metallic mineral product manufacturing service ",Other non-metallic mineral product manufacturing services,SAC 998853,18
Manufacturing services on physical inputs (goods) owned by others,"Fabricated metal product, machinery and equipment manufacturing services ",Other fabricated metal product manufacturing and metal treatment services,SAC 998873,18
Manufacturing services on physical inputs (goods) owned by others,"Rubber, plastic and other non-metallic mineral product manufacturing service ",Rubber and plastic product manufacturing services,SAC 998851,18
Manufacturing services on physical inputs (goods) owned by others,"Rubber, plastic and other non-metallic mineral product manufacturing service ",Plastic product manufacturing services,SAC 998852,18
Manufacturing services on physical inputs (goods) owned by others,"Fabricated metal product, machinery and equipment manufacturing services ","Structural metal product, tank, reservoir and steam generator manufacturing services",SAC 998871,18
Public administration and other services provided to the community as a whole; compulsory social security services,Administrative services related to compulsory social security schemes. ,Administrative services related to unemployment compensation benefit schemes,SAC 999133,18
Public administration and other services provided to the community as a whole; compulsory social security services,Administrative services related to compulsory social security schemes. ,Administrative services related to family and child allowance programmes,SAC 999134,18
Public administration and other services provided to the community as a whole; compulsory social security services,Administrative services related to compulsory social security schemes. ,"Administrative services related to government employee pension schemes; old-age disability or survivorsâ€™ benefit schemes, other than for government employees",SAC 999132,   
Public administration and other services provided to the community as a whole; compulsory social security services,Administrative services related to compulsory social security schemes. ,"Administrative services related to sickness, maternity or temporary disablement benefit schemes.",SAC 999131,18
Public administration and other services provided to the community as a whole; compulsory social security services,Public administrative services provided to the community as a whole ,Public administrative services related to other public order and safety affairs n.e.c.,SAC 999129,18
Public administration and other services provided to the community as a whole; compulsory social security services,Public administrative services provided to the community as a whole ,Public administrative services related to law courts,SAC 999127,18
Public administration and other services provided to the community as a whole; compulsory social security services,Public administrative services provided to the community as a whole ,Police and fire protection services,SAC 999126,18
Public administration and other services provided to the community as a whole; compulsory social security services,Public administrative services provided to the community as a whole ,Civil defence services,SAC 999125,18
Public administration and other services provided to the community as a whole; compulsory social security services,Public administrative services provided to the community as a whole ,Military defence services,SAC 999124,18
Public administration and other services provided to the community as a whole; compulsory social security services,Public administrative services provided to the community as a whole ,Administrative services related to the detention or rehabilitation of criminals.,SAC 999128,18
Public administration and other services provided to the community as a whole; compulsory social security services,Public administrative services provided to the community as a whole ,Services related to foreign economic aid,SAC 999122,18
Public administration and other services provided to the community as a whole; compulsory social security services,Public administrative services provided to the community as a whole ,"Public administrative services related to external affairs, diplomatic and consular services abroad.",SAC 999121,18
Public administration and other services provided to the community as a whole; compulsory social security services,Public administrative services provided to the community as a whole ,Services related to foreign military aid,SAC 999123,18
Public administration and other services provided to the community as a whole; compulsory social security services,Administrative services of the government ,Other administrative services of the government n.e.c.,SAC 999119,18
Public administration and other services provided to the community as a whole; compulsory social security services,Administrative services of the government ,"Public administrative services related to the provision of educational, health care, cultural and other social services, excluding social security service.",SAC 999112,18
Public administration and other services provided to the community as a whole; compulsory social security services,Administrative services of the government ,Public administrative services related to the more efficient operation of business.,SAC 999113,18
Public administration and other services provided to the community as a whole; compulsory social security services,Administrative services of the government ,Overall Government public services,SAC 999111,18
Manufacturing services on physical inputs (goods) owned by others,"Petroleum, chemical and pharmaceutical product manufacturing services ",Pharmaceutical product manufacturing services,SAC 998843,18
Manufacturing services on physical inputs (goods) owned by others,Wood and paper manufacturing services ,Paper and paper product manufacturing services,SAC 998832,18
Manufacturing services on physical inputs (goods) owned by others,"Textile, wearing apparel and leather manufacturing services ",Wearing apparel manufacturing services,SAC 998822,18
Manufacturing services on physical inputs (goods) owned by others,"Petroleum, chemical and pharmaceutical product manufacturing services ",Coke and refined petroleum product manufacturing services,SAC 998841,18
Manufacturing services on physical inputs (goods) owned by others,Wood and paper manufacturing services ,Wood and wood product manufacturing services,SAC 998831,18
Manufacturing services on physical inputs (goods) owned by others,"Textile, wearing apparel and leather manufacturing services ",Leather and leather product manufacturing services,SAC 998823,18
Manufacturing services on physical inputs (goods) owned by others,"Petroleum, chemical and pharmaceutical product manufacturing services ",Chemical product manufacturing services,SAC 998842,18
Manufacturing services on physical inputs (goods) owned by others,"Textile, wearing apparel and leather manufacturing services ",Textile manufacturing services,SAC 998821,18
Manufacturing services on physical inputs (goods) owned by others,"Food, beverage and tobacco manufacturing services ",Tobacco manufacturing services n.e.c.,SAC 998819,18
Manufacturing services on physical inputs (goods) owned by others,"Food, beverage and tobacco manufacturing services ",Prepared animal feeds manufacturing services,SAC 998817,18
Manufacturing services on physical inputs (goods) owned by others,"Food, beverage and tobacco manufacturing services ",Beverage manufacturing services,SAC 998818,18
Manufacturing services on physical inputs (goods) owned by others,"Food, beverage and tobacco manufacturing services ",Other food product manufacturing services,SAC 998816,18
Manufacturing services on physical inputs (goods) owned by others,"Food, beverage and tobacco manufacturing services ",Dairy product manufacturing services,SAC 998815,18
Manufacturing services on physical inputs (goods) owned by others,"Food, beverage and tobacco manufacturing services ",Vegetable and animal oil and fat manufacturing services,SAC 998814,18
Manufacturing services on physical inputs (goods) owned by others,"Food, beverage and tobacco manufacturing services ",Fruit and vegetables processing services,SAC 998813,18
Manufacturing services on physical inputs (goods) owned by others,"Food, beverage and tobacco manufacturing services ",Fish processing services,SAC 998812,0
Manufacturing services on physical inputs (goods) owned by others,"Food, beverage and tobacco manufacturing services ",Meat processing services,SAC 998811,0
"Other manufacturing services; publishing, printing and reproduction services; materials recovery services","Casting, forging, stamping and similar metal manufacturing services ",Non-ferrous metal casting services,SAC 998932,18
"Other manufacturing services; publishing, printing and reproduction services; materials recovery services","Moulding, pressing, stamping, extruding and similar plastic manufacturing services ","Moulding, pressing, stamping, extruding and similar plastic manufacturing services",SAC 998920,18
"Other manufacturing services; publishing, printing and reproduction services; materials recovery services","Publishing, printing and reproduction services ","Printing and reproduction services of recorded media, on a fee or contract basis",SAC 998912,18
"Other manufacturing services; publishing, printing and reproduction services; materials recovery services","Materials recovery (recycling) services, on a fee or contract basis ","Non-metal waste and scrap recovery (recycling) services, on a fee or contract basis",SAC 998942,18
"Other manufacturing services; publishing, printing and reproduction services; materials recovery services","Casting, forging, stamping and similar metal manufacturing services ",Iron and steel casting services,SAC 998931,18
"Other manufacturing services; publishing, printing and reproduction services; materials recovery services","Materials recovery (recycling) services, on a fee or contract basis ","Metal waste and scrap recovery (recycling) services, on a fee or contract basis",SAC 998941,18
"Other manufacturing services; publishing, printing and reproduction services; materials recovery services","Casting, forging, stamping and similar metal manufacturing services ","Metal forging, pressing, stamping, roll forming and powder metallurgy services",SAC 998933,18
"Other manufacturing services; publishing, printing and reproduction services; materials recovery services","Publishing, printing and reproduction services ","Publishing, on a fee or contract basis",SAC 998911,18
"Support services to agriculture, hunting, forestry, fishing, mining and utilities.","Support services to electricity, gas and water distribution ","Support services to Distribution services of steam, hot water and air-conditioning supply",SAC 998634,18
"Support services to agriculture, hunting, forestry, fishing, mining and utilities.","Support services to electricity, gas and water distribution ",Support services to water distribution,SAC 998633,18
"Support services to agriculture, hunting, forestry, fishing, mining and utilities.","Support services to electricity, gas and water distribution ",Support services to gas distribution,SAC 998632,18
"Support services to agriculture, hunting, forestry, fishing, mining and utilities.","Support services to electricity, gas and water distribution ",Support services to electricity transmission and distribution,SAC 998631,18
"Support services to agriculture, hunting, forestry, fishing, mining and utilities.",Support services to mining ,Support services to oil and gas extraction,SAC 998621,18
"Support services to agriculture, hunting, forestry, fishing, mining and utilities.",Support services to mining ,Support services to other mining n.e.c.,SAC 998622,18
"Support services to agriculture, hunting, forestry, fishing, mining and utilities.","Support services to agriculture, hunting, forestry and fishing ",Support services to fishing,SAC 998615,18
"Support services to agriculture, hunting, forestry, fishing, mining and utilities.","Support services to agriculture, hunting, forestry and fishing ",Support services to crop production,SAC 998611,0
Services of membership organizations,Services furnished by other membership organizations ,Home owners associations,SAC 999598,18
"Support services to agriculture, hunting, forestry, fishing, mining and utilities.","Support services to agriculture, hunting, forestry and fishing ",Support services to forestry and logging,SAC 998614,18
Services of membership organizations,Services furnished by other membership organizations ,Services provided by other membership organizations n.e.c.,SAC 999599,18
"Support services to agriculture, hunting, forestry, fishing, mining and utilities.","Support services to agriculture, hunting, forestry and fishing ",Animal husbandry services,SAC 998612,18
Services of membership organizations,Services furnished by other membership organizations ,Other civic and social organizations,SAC 999597,18
"Support services to agriculture, hunting, forestry, fishing, mining and utilities.","Support services to agriculture, hunting, forestry and fishing ","Other support services to agriculture, hunting, forestry and fishing",SAC 998619,18
"Support services to agriculture, hunting, forestry, fishing, mining and utilities.","Support services to agriculture, hunting, forestry and fishing ",Support services to hunting,SAC 998613,18
Services of membership organizations,Services furnished by other membership organizations ,Services provided by youth associationst,SAC 999596,   
Services of membership organizations,Services furnished by other membership organizations ,Services furnished by environmental advocacy groups,SAC 999595,18
Services of membership organizations,Services furnished by other membership organizations ,Services furnished by human rights organizations,SAC 999593,18
Services of membership organizations,Services furnished by other membership organizations ,Religious services,SAC 999591,18
Services of membership organizations,Services furnished by other membership organizations ,Cultural and recreational associations,SAC 999594,18
Services of membership organizations,Services furnished by other membership organizations ,Services furnished by political organizations,SAC 999592,18
Services of membership organizations,"Services furnished by business, employers and professional organizations Services ",Services furnished by professional organizations,SAC 999512,18
Services of membership organizations,Services furnished by trade unions ,Services furnished by trade unions,SAC 999520,18
Services of membership organizations,"Services furnished by business, employers and professional organizations Services ",Services furnished by business and employers organizations,SAC 999511,18
"Sewage and waste collection, treatment and disposal and other environmental protection services",Others ,Other environmental protection services n.e.c.,SAC 999490,18
"Sewage and waste collection, treatment and disposal and other environmental protection services",Sanitation and similar services ,Other sanitation services n.e.c.,SAC 999459,18
"Sewage and waste collection, treatment and disposal and other environmental protection services",Sanitation and similar services ,Sweeping and snow removal services,SAC 999451,18
Education services,Other education & training services and educational support services ,Other Educational support services,SAC 999299,18
"Sewage and waste collection, treatment and disposal and other environmental protection services",Remediation services ,"Containment, control and monitoring services and other site remediation services",SAC 999442,18
"Sewage and waste collection, treatment and disposal and other environmental protection services",Remediation services ,Building remediation services,SAC 999443,18
"Sewage and waste collection, treatment and disposal and other environmental protection services",Remediation services ,Other remediation services n.e.c.,SAC 999449,18
Education services,Other education & training services and educational support services ,services involving conduct of examination for admission to educational institutions,SAC 999295,18
Education services,Other education & training services and educational support services ,Other education and training services n.e.c.,SAC 999294,18
Education services,Other education & training services and educational support services ,Commercial training and coaching services,SAC 999293,18
Education services,Other education & training services and educational support services ,Sports and recreation education services,SAC 999292,18
Education services,Other education & training services and educational support services ,Cultural education services,SAC 999291,18
Education services,Higher education services ,Other higher education services,SAC 999249,18
Education services,Specialised education services ,Specialised education services,SAC 999259,18
Education services,Secondary Education Services ,"Secondary education services, technical and vocational.",SAC 999232,0
Education services,Higher education services ,"Higher education services, technical",SAC 999242,0
Education services,Secondary Education Services ,"Secondary education services, general",SAC 999231,0
Education services,Higher education services ,"Higher education services, vocational",SAC 999243,0
Education services,Higher education services ,"Higher education services, general",SAC 999241,0
Education services,Pre-primary education services ,Pre-primary education services,SAC 999210,0
Education services,Primary education services ,Primary education services,SAC 999220,0
Human health and social care services,Other social services without accommodation ,Welfare services without accommodation,SAC 999353,18
Human health and social care services,Other social services without accommodation ,Guidance and counseling services n.e.c. related to children,SAC 999352,0
Human health and social care services,Other social services without accommodation ,Child day-care services,SAC 999351,18
Human health and social care services,Social services without accommodation for the elderly and disabled ,Other social services without accommodation for the elderly and disabled n.e.c.,SAC 999349,0
Human health and social care services,Other social services with accommodation ,Other social services with accommodation for adults,SAC 999334,18
Human health and social care services,Social services without accommodation for the elderly and disabled ,Vocational rehabilitation services,SAC 999341,0
"Sewage and waste collection, treatment and disposal and other environmental protection services",Waste treatment and disposal services ,Non-hazardous waste treatment and disposal services,SAC 999433,18
Human health and social care services,Other social services without accommodation ,Other social services without accommodation n.e.c.,SAC 999359,18
"Sewage and waste collection, treatment and disposal and other environmental protection services",Waste treatment and disposal services ,"Waste preparation, consolidation and storage services",SAC 999431,18
"Sewage and waste collection, treatment and disposal and other environmental protection services",Waste treatment and disposal services ,Hazardous waste treatment and disposal services,SAC 999432,18
"Sewage and waste collection, treatment and disposal and other environmental protection services",Waste collection services ,"General waste collection services, other n.e.c.",SAC 999424,18
"Sewage and waste collection, treatment and disposal and other environmental protection services",Waste collection services ,"General waste collection services, residential",SAC 999423,18
"Sewage and waste collection, treatment and disposal and other environmental protection services",Waste collection services ,Collection services of non-hazardous recyclable materials,SAC 999422,18
"Sewage and waste collection, treatment and disposal and other environmental protection services",Waste collection services ,Collection services of hazardous waste,SAC 999421,18
"Sewage and waste collection, treatment and disposal and other environmental protection services","Sewerage, sewage treatment and septic tank cleaning services ",Septic tank emptying and cleaning services,SAC 999412,18
Human health and social care services,Other social services with accommodation ,"Residential care services for adults suffering from mental retardation, mental health illnesses or substance abuse",SAC 999333,0
Human health and social care services,Other social services with accommodation ,Other social services with accommodation for children,SAC 999332,18
Human health and social care services,Other social services with accommodation ,"Residential care services for children suffering from mental retardation, mental health illnesses or substance abuse",SAC 999331,0
Human health and social care services,Residential care services for the elderly and disabled ,Residential care services for the elderly and persons with disabilities,SAC 999322,0
"Sewage and waste collection, treatment and disposal and other environmental protection services","Sewerage, sewage treatment and septic tank cleaning services ",Sewerage and sewage treatment services,SAC 999411,18
Human health and social care services,Residential care services for the elderly and disabled ,Residential health-care services other than by hospitals,SAC 999321,18
Human health and social care services,Human health services ,"Other human health services including homeopathy, unani, ayurveda, naturopathy, acupuncture etc.",SAC 999319,0
Human health and social care services,Human health services ,"Blood, sperm and organ bank services",SAC 999317,0
Human health and social care services,Human health services ,Medical Laboratory and Diagnostic-imaging services,SAC 999316,0
Human health and social care services,Human health services ,Nursing and Physiotherapeutic services,SAC 999314,0
Human health and social care services,Human health services ,Childbirth and related services,SAC 999313,0
Human health and social care services,Human health services ,Inpatient services,SAC 999311,0
"Maintenance, repair and installation (except construction) services",Installation services (other than construction) ,"Installation services of radio, television and communications equipment and apparatus.",SAC 998734,18
"Maintenance, repair and installation (except construction) services",Installation services (other than construction) ,Installation services of office and accounting machinery and computers,SAC 998733,18
"Maintenance, repair and installation (except construction) services",Installation services (other than construction) ,"Installation services of industrial, manufacturing and service industry machinery and equipment.",SAC 998732,18
"Maintenance, repair and installation (except construction) services",Repair services of other goods ,Repair services for photographic equipment and cameras,SAC 998727,18
Human health and social care services,Human health services ,Medical and dental services,SAC 999312,0
Human health and social care services,Human health services ,Ambulance services,SAC 999315,0
"Maintenance, repair and installation (except construction) services",Repair services of other goods ,Maintenance and repair services of musical instruments,SAC 998726,18
"Maintenance, repair and installation (except construction) services",Repair services of other goods ,Repair services of bicycles,SAC 998725,18
"Maintenance, repair and installation (except construction) services",Repair services of other goods ,Repair services of furniture,SAC 998724,18
"Maintenance, repair and installation (except construction) services",Repair services of other goods ,Repair services of garments and household textiles,SAC 998723,5
"Maintenance, repair and installation (except construction) services",Repair services of other goods ,"Repair services of watches, clocks and jewellery",SAC 998722,18
"Maintenance, repair and installation (except construction) services","Maintenance and repair services of fabricated metal products, machinery and equipment ",Maintenance and repair services of other machinery and equipments,SAC 998719,18
"Maintenance, repair and installation (except construction) services","Maintenance and repair services of fabricated metal products, machinery and equipment ",Maintenance and repair services of commercial and industrial machinery.,SAC 998717,18
"Maintenance, repair and installation (except construction) services","Maintenance and repair services of fabricated metal products, machinery and equipment ",Maintenance and repair services of elevators and escalators,SAC 998718,18
"Maintenance, repair and installation (except construction) services","Maintenance and repair services of fabricated metal products, machinery and equipment ",Maintenance and repair services of telecommunication equipments and apparatus,SAC 998716,18
"Maintenance, repair and installation (except construction) services","Maintenance and repair services of fabricated metal products, machinery and equipment ",Maintenance and repair services of electrical household appliances,SAC 998715,18
"Maintenance, repair and installation (except construction) services","Maintenance and repair services of fabricated metal products, machinery and equipment ",Maintenance and repair services of transport machinery and equipment,SAC 998714,18
"Maintenance, repair and installation (except construction) services",Repair services of other goods ,Repair services of footwear and leather goods,SAC 998721,18
"Maintenance, repair and installation (except construction) services","Maintenance and repair services of fabricated metal products, machinery and equipment ",Maintenance and repair services of office and accounting machinery,SAC 998712,18
"Maintenance, repair and installation (except construction) services","Maintenance and repair services of fabricated metal products, machinery and equipment ","Maintenance and repair services of fabricated metal products, except machinery and equipment.",SAC 998711,18
Construction Services,Building completion and finishing services ,Floor and wall tiling services,SAC 995474,18
Construction Services,Building completion and finishing services ,Plastering services,SAC 995472,18
"Maintenance, repair and installation (except construction) services","Maintenance and repair services of fabricated metal products, machinery and equipment ",Maintenance and repair services of computers and peripheral equipment,SAC 998713,18
Construction Services,Installation services ,"Services involving Repair, alterations, additions, replacements, maintenance of the installations covered above.",SAC 995469,18
Construction Services,Building completion and finishing services ,Glazing services,SAC 995471,18
Construction Services,Installation services ,Other installation services n.e.c.,SAC 995468,18
Construction Services,Installation services ,Lift and escalator installation services,SAC 995466,18
Construction Services,Installation services ,Insulation services,SAC 995465,18
Construction Services,Installation services ,Gas fitting installation services,SAC 995464,18
Construction Services,Building completion and finishing services ,Painting services,SAC 995473,18
Construction Services,Installation services ,"Electrical installation services including Electrical wiring & fitting services, fire alarm installation services, burglar alarm system installation services.",SAC 995461,18
Construction Services,Special trade construction services ,"Services involving Repair, alterations, additions, replacements, maintenance of the constructions covered above.",SAC 995459,18
Construction Services,Special trade construction services ,Structural steel erection services,SAC 995455,18
Construction Services,Installation services ,"Heating, ventilation and air conditioning equipment installation services",SAC 995463,18
Construction Services,Installation services ,Water plumbing and drain laying services,SAC 995462,18
Construction Services,Special trade construction services ,Roofing and waterproofing services,SAC 995453,18
Construction Services,Special trade construction services ,Other special trade construction services n.e.c.,SAC 995458,18
Construction Services,Special trade construction services ,Scaffolding services,SAC 995457,18
Construction Services,Special trade construction services ,Masonry services,SAC 995456,18
Construction Services,Special trade construction services ,Concrete services,SAC 995454,18
Construction Services,Assembly and erection of prefabricated constructions ,"Services involving Repair, alterations, additions, replacements, maintenance of the constructions covered above.",SAC 995449,18
Construction Services,Assembly and erection of prefabricated constructions ,Other assembly and erection services n.e.c.,SAC 995444,18
Construction Services,Assembly and erection of prefabricated constructions ,"Installation, assembly and erection services of other prefabricated structures and constructions",SAC 995442,18
Construction Services,Assembly and erection of prefabricated constructions ,"Installation, assembly and erection services of prefabricated buildings",SAC 995441,18
Construction Services,Special trade construction services ,Pile driving and foundation services,SAC 995451,18
Construction Services,Special trade construction services ,Building framing & Roof Framing services,SAC 995452,18
Construction Services,Site preparation services ,"Services involving Repair, alterations, additions, replacements, maintenance of the constructions covered above.",SAC 995439,18
Construction Services,Site preparation services ,Other site preparation services n.e.c,SAC 995435,18
Construction Services,Assembly and erection of prefabricated constructions ,"Installation services of all types of street furniture (e.g., bus shelters, benches, telephone booths, public toilets, etc.)",SAC 995443,18
Construction Services,Site preparation services ,Excavating and earthmoving services,SAC 995433,18
Construction Services,Site preparation services ,Demolition services,SAC 995431,18
Construction Services,General construction services of civil engineering works ,"Services involving Repair, alterations, additions, replacements, renovation, maintenance or remodelling of the constructions covered above.",SAC 995429,18
Construction Services,General construction services of civil engineering works ,General construction services of other civil engineering works n.e.c.,SAC 995428,18
Construction Services,General construction services of civil engineering works ,General construction services of outdoor sport and recreation facilities,SAC 995427,18
Construction Services,General construction services of civil engineering works ,General Construction services of Power Plants and its related infrastructure,SAC 995426,18
Construction Services,Site preparation services ,Water well drilling services and septic system installation services,SAC 995434,18
Construction Services,General construction services of civil engineering works ,General construction services of mines and industrial plants,SAC 995425,18
Construction Services,General construction services of civil engineering works ,"General construction services of local water & sewage pipelines, electricity and communication cables & related works",SAC 995424,18
Construction Services,General construction services of civil engineering works ,"General construction services of long-distance underground/overland/submarine pipelines, communication and electric power lines (cables). pumping stations and related works. transformer stations and related works.",SAC 995423,18
Construction Services,Site preparation services ,"Site formation and clearance services including preparation services to make sites ready for subsequent construction work, test drilling & boring & core extraction, digging of trenches.",SAC 995432,18
Construction Services,General construction services of civil engineering works ,"General construction services of harbours, waterways, dams, water mains and lines, irrigation and other waterworks",SAC 995422,18
Construction Services,General construction services of civil engineering works ,"General construction services of highways, streets, roads, railways and airfield runways, bridges and tunnels",SAC 995421,18
Construction Services,Construction services of buildings  ,"Services involving Repair, alterations, additions, replacements, renovation, maintenance or remodelling of the buildings covered above.",SAC 995419,18
Construction Services,Construction services of buildings  ,"Construction services of other non-residential buildings such as educational institutions, hospitals, clinics including vertinary clinics, religious establishments, courts, prisons, museums and other similar buildings",SAC 995415,18
Construction Services,Construction services of buildings  ,"Construction services of commercial buildings such as office buildings, exhibition & marriage halls, malls, hotels, restaurants, airports, rail or road terminals, parking garages, petrol and service stations, theatres and other similar buildings.",SAC 995414,18
Construction Services,Construction services of buildings  ,"Construction services of other residential buildings such as old age homes, homeless shelters, hostels etc",SAC 995412,18
Construction Services,Construction services of buildings  ,Construction services of single dwelling or multi dewlling or multi-storied residential buildings,SAC 995411,18
Construction Services,Construction services of buildings  ,Construction Services of other buildings n.e.c,SAC 995416,18
Construction Services,Construction services of buildings  ,"Construction services of industrial buildings such as buildings used for production activities (used for assembly line activities), workshops, storage buildings and other similar industrial buildings",SAC 995413,18
Other services,Other miscellaneous services ,Other services n.e.c.,SAC 999799,18
Other services,Other miscellaneous services ,Agreeing to tolerate an act,SAC 999794,18
Other services,Other miscellaneous services ,Agreeing to refrain from doing an act,SAC 999793,18
Other services,Other miscellaneous services ,Agreeing to do an act,SAC 999792,18
Other services,Other miscellaneous services ,Services involving commercial use or exploitation of any event,SAC 999791,18
Other services,"Funeral, cremation and undertaking services ",Undertaking services,SAC 999732,18
"Recreational, cultural and sporting services",Other amusement and recreational services ,Other recreation and amusement services n.e.c.,SAC 999699,18
"Recreational, cultural and sporting services",Other amusement and recreational services ,Lottery services,SAC 999694,18
Other services,Other miscellaneous services ,Conduct of religious ceremonies/rituals by persons,SAC 999795,18
Financial and related services,Investment banking services ,Investment banking services,SAC 997120,18
Financial and related services,"Financial services (except investment banking, insurance services and pension services) ","Other financial services (except investment banking, insurance services and pension services)",SAC 997119,18
Financial and related services,"Financial services (except investment banking, insurance services and pension services) ",Financial leasing services,SAC 997114,18
Postal and courier services,Postal and courier services ,Other Delivery Services n.e.c,SAC 996819,18
Postal and courier services,Postal and courier services ,Courier services,SAC 996812,18
Rental services of transport vehicles with or without operators,Rental services of transport vehicles with or without operators ,Rental services of other transport vehicles n.e.c. with or without operator,SAC 996609,18
Rental services of transport vehicles with or without operators,Rental services of transport vehicles with or without operators ,"Rental services of aircraft including passenger aircrafts, freight aircrafts etc with or without operator",SAC 996603,18
"Accommodation, Food and beverage services","Food, edible preparations, alchoholic & non-alchocholic beverages serving services ","Other food, edible preparations, alchoholic & non-alchocholic beverages serving services n.e.c.",SAC 996339,18
Postal and courier services,Postal and courier services ,Local delivery services,SAC 996813,18
"Accommodation, Food and beverage services","Food, edible preparations, alchoholic & non-alchocholic beverages serving services ",Other contract food services,SAC 996337,18
"Electricity, gas, water and other distribution services",Water distribution and other services ,"Services involving distribution of steam, hot water and air conditioning supply etc.",SAC 996922,18
"Electricity, gas, water and other distribution services",Water distribution and other services ,Other similar services.,SAC 996929,18
"Electricity, gas, water and other distribution services",Water distribution and other services ,Water distribution services,SAC 996921,18
Services in retail trade,,Services provided for a fee/commission or contract basis on retail trade,SAC 996211,18
"Electricity, gas, water and other distribution services",Electricity and gas distribution services ,Electricity transmission services,SAC 996911,0
"Electricity, gas, water and other distribution services",Electricity and gas distribution services ,Electricity distribution services,SAC 996912,0
Domestic services,Domestic services ,Domestic services both part time & full time,SAC 999800,18
"Accommodation, Food and beverage services","Food, edible preparations, alchoholic & non-alchocholic beverages serving services ","Preparation and/or supply services of food, edible preparations, alchoholic & non-alchocholic beverages to airlines and other transportation operators",SAC 996336,18
"Electricity, gas, water and other distribution services",Electricity and gas distribution services ,Gas distribution services,SAC 996913,18
"Accommodation, Food and beverage services","Food, edible preparations, alchoholic & non-alchocholic beverages serving services ","Catering services in trains, flights etc.",SAC 996335,18
Services in wholesale trade,,Services provided for a fee/commission or contract basis on wholesale trade,SAC 996111,18
"Accommodation, Food and beverage services","Food, edible preparations, alchoholic & non-alchocholic beverages serving services ",Services provided in Canteen and other similar establishments,SAC 996333,18
"Accommodation, Food and beverage services","Food, edible preparations, alchoholic & non-alchocholic beverages serving services ","Services provided by Hotels, INN, Guest House, Club etc including Room services, takeaway services and door delivery of food.",SAC 996332,18
"Accommodation, Food and beverage services","Food, edible preparations, alchoholic & non-alchocholic beverages serving services ","Catering Services in Exhibition halls, Events, Marriage Halls and other outdoor/indoor functions.",SAC 996334,18
"Accommodation, Food and beverage services",Other accommodation services ,Other room or unit accommodation services n.e.c.,SAC 996329,18
"Accommodation, Food and beverage services","Food, edible preparations, alchoholic & non-alchocholic beverages serving services ","Services provided by Restaurants, Cafes and similar eating facilities including takeaway services, Room services and door delivery of food.",SAC 996331,18
"Accommodation, Food and beverage services",Other accommodation services ,"Room or unit accommodation services provided by Hostels, Camps, Paying Guest etc",SAC 996322,18
"Accommodation, Food and beverage services",Other accommodation services ,Room or unit accommodation services for students in student residences,SAC 996321,18
"Accommodation, Food and beverage services",Accommodation services ,Recreational and vacation camp services,SAC 996313,18
"Accommodation, Food and beverage services",Accommodation services ,Camp site services,SAC 996312,18
"Accommodation, Food and beverage services",Accommodation services ,Services provided for a fee/commission or contract basis on wholesale trade,SAC 996311,18
Supporting services in transport,Other supporting transport services ,Other supporting transport services n.e.c,SAC 996799,18
Supporting services in transport,Other supporting transport services ,Other goods transport services,SAC 996793,5
Supporting services in transport,Other supporting transport services ,Air traffic control services,SAC 996792,18
Supporting services in transport,Supporting services for air or space transport ,Supporting services for space transport,SAC 996764,18
Supporting services in transport,Other supporting transport services ,Goods transport agency services for road transport,SAC 996791,5
Supporting services in transport,Supporting services for air or space transport ,Other supporting services for air transport,SAC 996763,18
Supporting services in transport,Supporting services for air or space transport ,Air traffic control services,SAC 996762,18
Supporting services in transport,Supporting services for air or space transport ,Airport operation services (excl. cargo handling),SAC 996761,18
Supporting services in transport,"Supporting services for water transport (coastal, transoceanic and inland waterways) ",Other supporting services for water transport n.e.c.,SAC 996759,18
Supporting services in transport,"Supporting services for water transport (coastal, transoceanic and inland waterways) ",Vessel salvage and refloating services,SAC 996753,18
Supporting services in transport,"Supporting services for water transport (coastal, transoceanic and inland waterways) ",Pilotage and berthing services,SAC 996752,18
Supporting services in transport,Supporting services for road transport ,Other supporting services for road transport n.e.c.,SAC 996749,18
Supporting services in transport,Supporting services for road transport ,Towing services for commercial and private vehicles,SAC 996744,18
Passenger transport services,Long-distance transport services of passengers ,Domestic/International Scheduled Air transport services of passengers,SAC 996425,18
Supporting services in transport,Supporting services for road transport ,Parking lot services,SAC 996743,18
Supporting services in transport,"Supporting services for water transport (coastal, transoceanic and inland waterways) ","Port and waterway operation services (excl. cargo handling) such as operation services of ports, docks, light houses, light ships etc",SAC 996751,18
Passenger transport services,Long-distance transport services of passengers ,Other long-distance transportation services of passengers n.e.c.,SAC 996429,18
Supporting services in transport,Supporting services for road transport ,"Operation services of National Highways, State Highways, Expressways, Roads & streets; bridges and tunnel operation services.",SAC 996742,   
Passenger transport services,Long-distance transport services of passengers ,Space transport services of passengers,SAC 996427,18
Passenger transport services,Long-distance transport services of passengers ,"Coastal and transoceanic (overseas) water transport services of passengers by Ferries, Cruise Ships etc",SAC 996424,18
Passenger transport services,Long-distance transport services of passengers ,Domestic/international non-scheduled air transport services of Passengers,SAC 996426,18
Passenger transport services,Long-distance transport services of passengers ,"Long-distance transport services of passengers through Rail network by Railways, Metro etc",SAC 996421,18
Passenger transport services,Long-distance transport services of passengers ,"Long-distance transport services of passengers through Road by Bus, Car, non-scheduled long distance bus and coach services, stage carriage etc",SAC 996422,18
Passenger transport services,Local transport and sightseeing transportation services of passengers ,Other local transportation services of passengers n.e.c.,SAC 996419,18
Passenger transport services,Local transport and sightseeing transportation services of passengers ,"Sightseeing transportation services by rail, land, water & air",SAC 996416,18
Passenger transport services,Local transport and sightseeing transportation services of passengers ,Other assembly and erection services n.e.c.,SAC 996414,18
Passenger transport services,Local transport and sightseeing transportation services of passengers ,"Local water transport services of passengers by ferries, cruises etc",SAC 996415,18
Passenger transport services,Long-distance transport services of passengers ,Taxi services including radio taxi & other similar services,SAC 996423,18
Passenger transport services,Local transport and sightseeing transportation services of passengers ,Non-scheduled local bus and coach charter services,SAC 996413,18
Passenger transport services,Local transport and sightseeing transportation services of passengers ,Taxi services including radio taxi & other similar services;,SAC 996412,   
Passenger transport services,Local transport and sightseeing transportation services of passengers ,"Local land transport services of passengers by railways, metro, monorail, bus, tramway, autos, three wheelers, scooters and other motor vehicles",SAC 996411,18
Goods Transport Services,Air and space transport services of goods ,Space transport services of freight,SAC 996532,18
Goods Transport Services,Land transport services of Goods ,Other land transport services of goods n.e.c.,SAC 996519,18
Goods Transport Services,Water transport services of goods ,"Coastal and transoceanic (overseas) water transport services of goods by refrigerator vessels, tankers, bulk cargo vessels, container ships etc",SAC 996521,18
Goods Transport Services,Air and space transport services of goods ,Air transport services of letters & parcels and other goods,SAC 996531,18
Goods Transport Services,Land transport services of Goods ,"Transport services of petroleum & natural gas, water, sewerage and other goods via pipeline",SAC 996513,18
Goods Transport Services,Water transport services of goods ,"Inland water transport services of goods by refrigerator vessels, tankers and other vessels.",SAC 996522,0
Goods Transport Services,Land transport services of Goods ,"Railway transport services of Goods including letters, parcels, live animals, household & office furniture, intermodal containers, bulk cargo etc",SAC 996512,   
Goods Transport Services,Land transport services of Goods ,"Road transport services of Goods including letters, parcels, live animals, household & office furniture, containers etc by refrigerator vehicles, trucks, trailers, man or animal drawn vehicles or any other vehicles.",SAC 996511,0
Rental services of transport vehicles with or without operators,Rental services of transport vehicles with or without operators ,"Rental services of water vessels including passenger vessels, freight vessels etc with or without operator",SAC 996602,18
Rental services of transport vehicles with or without operators,Rental services of transport vehicles with or without operators ,"Rental services of road vehicles including buses, coaches, cars, trucks and other motor vehicles, with or without operator",SAC 996601,18
Supporting services in transport,Supporting services for road transport ,Bus station services,SAC 996741,18
Supporting services in transport,Supporting services for railway transport ,Other supporting services for railway transport n.e.c,SAC 996739,18
Supporting services in transport,Supporting services for railway transport ,Railway pushing or towing services,SAC 996731,18
Supporting services in transport,Storage and warehousing services ,Bulk liquid or gas storage services,SAC 996722,18
Supporting services in transport,Storage and warehousing services ,Other storage and warehousing services,SAC 996729,18
Supporting services in transport,Storage and warehousing services ,Refrigerated storage services,SAC 996721,18
Supporting services in transport,Cargo handling services ,Other cargo and baggage handling services,SAC 996719,18
Supporting services in transport,Cargo handling services ,Clearing and forwarding services,SAC 996713,18
Supporting services in transport,Cargo handling services ,Customs House Agent services,SAC 996712,18
Financial and related services,Services auxillary to insurance and pensions ,Insurance claims adjustment services,SAC 997162,18
Financial and related services,Services of holding financial assets ,Services of holding securities and other assets of trusts and funds and similar financial entities,SAC 997172,18
Financial and related services,Services auxillary to insurance and pensions ,Pension fund management services,SAC 997164,18
Financial and related services,Services auxillary to insurance and pensions ,Actuarial services,SAC 997163,18
Supporting services in transport,Cargo handling services ,Container handling services,SAC 996711,18
Financial and related services,Services of holding financial assets ,Services of holding equity of subsidiary companies,SAC 997171,18
Financial and related services,Services auxillary to insurance and pensions ,Other services auxiliary to insurance and pensions,SAC 997169,18
Financial and related services,Services auxillary to insurance and pensions ,Insurance brokerage and agency services,SAC 997161,18
Financial and related services,Services auxiliary to financial services (other than to insurance and pensions) ,Foreign exchange services,SAC 997157,18
Financial and related services,Services auxiliary to financial services (other than to insurance and pensions) ,Other services auxiliary to financial services,SAC 997159,18
Financial and related services,Services auxiliary to financial services (other than to insurance and pensions) ,Trust and custody services,SAC 997154,18
Financial and related services,Services auxiliary to financial services (other than to insurance and pensions) ,Portfolio management services except pension funds,SAC 997153,18
Financial and related services,Services auxiliary to financial services (other than to insurance and pensions) ,Services related to the administration of financial markets,SAC 997155,18
Financial and related services,Services auxiliary to financial services (other than to insurance and pensions) ,"Services related to investment banking such as mergers & acquisition services, corporate finance & venture capital services",SAC 997151,18
Financial and related services,Services auxiliary to financial services (other than to insurance and pensions) ,Brokerage and related securities and commodities services including commodity exchange services,SAC 997152,18
Financial and related services,Services auxiliary to financial services (other than to insurance and pensions) ,Financial consultancy services,SAC 997156,18
Financial and related services,Reinsurance services ,Freight reinsurance services,SAC 997146,18
Financial and related services,Reinsurance services ,Other property reinsurance services,SAC 997147,18
Financial and related services,Reinsurance services ,Other non-life reinsurance services,SAC 997149,18
Financial and related services,Services auxiliary to financial services (other than to insurance and pensions) ,Financial transactions processing and clearing house services,SAC 997158,18
Financial and related services,Reinsurance services ,services,SAC 997145,5
Postal and courier services,Postal and courier services ,"Postal services including post office counter services, mail box rental services.",SAC 996811,18
Financial and related services,Reinsurance services ,"Marine, aviation and other transport reinsurance ser",SAC 997144,18
Financial and related services,Reinsurance services ,Motor vehicle reinsurance services,SAC 997143,18
Financial and related services,Reinsurance services ,Accident and health reinsurance services,SAC 997142,18
Financial and related services,Reinsurance services ,pension services,SAC 997141,18
Financial and related services,Insurance and pension services (excluding reinsurance services) ,Other non-life insurance services (excluding reinsurance services),SAC 997139,18
Financial and related services,Insurance and pension services (excluding reinsurance services) ,Other property insurance services,SAC 997137,18
Financial and related services,Insurance and pension services (excluding reinsurance services) ,Freight insurance services & Travel insurance services,SAC 997136,18
Financial and related services,Insurance and pension services (excluding reinsurance services) ,"Marine, aviation, and other transport insurance services",SAC 997135,18
Financial and related services,Insurance and pension services (excluding reinsurance services) ,Motor vehicle insurance services,SAC 997134,18
Financial and related services,Insurance and pension services (excluding reinsurance services) ,Accident and health insurance services,SAC 997133,18
Financial and related services,Insurance and pension services (excluding reinsurance services) ,Life insurance services  (excluding reinsurance services),SAC 997132,   
Financial and related services,"Financial services (except investment banking, insurance services and pension services) ",Deposit services,SAC 997112,18
Financial and related services,"Financial services (except investment banking, insurance services and pension services) ","Credit-granting services including stand-by commitment, guarantees & securities",SAC 997113,18
Financial and related services,"Financial services (except investment banking, insurance services and pension services) ",Central banking services,SAC 997111,18
Financial and related services,Insurance and pension services (excluding reinsurance services) ,pension services,SAC 997131,18
Real estate services,Real estate services on a fee/commission basis or contract basis ,Real estate appraisal services on a fee/commission basis or contract basis,SAC 997224,18
Real estate services,Real estate services on a fee/commission basis or contract basis ,Land sales on a fee/commission basis or contract basis,SAC 997223,18
Real estate services,Real estate services on a fee/commission basis or contract basis ,Property management services on a fee/commission basis or contract basis,SAC 997221,18
Real estate services,Real estate services on a fee/commission basis or contract basis ,Building sales on a fee/commission basis or contract basis,SAC 997222,18
Real estate services,Real estate services involving owned or leased property ,Trade services of time-share properties,SAC 997214,18
Real estate services,Real estate services involving owned or leased property ,Trade services of vacant and subdivided land,SAC 997215,18
Real estate services,Real estate services involving owned or leased property ,Rental or leasing services involving own or leased non-residential property,SAC 997212,18
Real estate services,Real estate services involving owned or leased property ,Trade services of buildings,SAC 997213,18
Real estate services,Real estate services involving owned or leased property ,Rental or leasing services involving own or leased residential property,SAC 997211,18
"Recreational, cultural and sporting services",Other amusement and recreational services ,Coin-operated amusement machine services,SAC 999693,18
"Recreational, cultural and sporting services",Other amusement and recreational services ,Gambling and betting services including similar online services,SAC 999692,28
"Recreational, cultural and sporting services",Other amusement and recreational services ,Amusement park and similar attraction services,SAC 999691,18
"Recreational, cultural and sporting services",Services of athletes and related support services ,Support services related to sports and recreation,SAC 999662,18
"Recreational, cultural and sporting services",Services of athletes and related support services ,Services of athletes,SAC 999661,18
"Recreational, cultural and sporting services",Sports and recreational sports services ,Other sports and recreational sports services n.e.c.,SAC 999659,18
"Recreational, cultural and sporting services",Sports and recreational sports services ,Sports and recreational sports facility operation services,SAC 999652,18
"Recreational, cultural and sporting services",Sports and recreational sports services ,Sports and recreational sports event promotion and organization services,SAC 999651,18
"Recreational, cultural and sporting services",Museum and preservation services ,"Botanical, zoological and nature reserve services",SAC 999642,18
"Recreational, cultural and sporting services",Museum and preservation services ,Museum and preservation services of historical sites and buildings,SAC 999641,18
"Recreational, cultural and sporting services",Services of performing and other artists ,"Original works of authors, composers and other artists except performing artists, painters and sculptors",SAC 999633,18
"Recreational, cultural and sporting services",Services of performing and other artists ,"Services of performing artists including actors, readers, musicians, singers, dancers, TV personalities, independent models etc",SAC 999631,18
"Recreational, cultural and sporting services",Services of performing and other artists ,"Services of authors, composers, sculptors and other artists, except performing artists",SAC 999632,18
"Recreational, cultural and sporting services",Performing arts and other live entertainment event presentation and promotion services ,Other performing arts and live entertainment services n.e.c.,SAC 999629,18
"Recreational, cultural and sporting services",Performing arts and other live entertainment event presentation and promotion services ,Performing arts facility operation services,SAC 999623,18
"Recreational, cultural and sporting services",Performing arts and other live entertainment event presentation and promotion services ,Performing arts event production and presentation services,SAC 999622,18
"Recreational, cultural and sporting services",Performing arts and other live entertainment event presentation and promotion services ,Performing arts event promotion and organization services,SAC 999621,18
"Recreational, cultural and sporting services",Audiovisual and related services ,Motion picture projection services,SAC 999615,18
"Recreational, cultural and sporting services",Audiovisual and related services ,"Motion picture, videotape, television and radio programme production services",SAC 999612,18
"Recreational, cultural and sporting services",Audiovisual and related services ,"Motion picture, videotape and television programme distribution services",SAC 999614,18
"Recreational, cultural and sporting services",Audiovisual and related services ,Audiovisual post-production services,SAC 999613,18
"Recreational, cultural and sporting services",Audiovisual and related services ,Sound recording services,SAC 999611,18
Other services,"Funeral, cremation and undertaking services ",Cemeteries and cremation services,SAC 999731,0
Other services,Beauty and physical well-being services ,Physical well-being services including health club & fitness centre,SAC 999723,18
Other services,Beauty and physical well-being services ,Other beauty treatment services n.e.c.,SAC 999729,18
Other services,Beauty and physical well-being services ,"Cosmetic treatment (including cosmetic/plastic surgery), manicuring and pedicuring services",SAC 999722,18
Other services,Beauty and physical well-being services ,Hairdressing and barbers services,SAC 999721,18
Other services,"Washing, cleaning and dyeing services ","Other washing, cleaning and dyeing services n.e.c",SAC 999719,18
Other services,"Washing, cleaning and dyeing services ",Dyeing and colouring services,SAC 999715,18
Other services,"Washing, cleaning and dyeing services ",Pressing services,SAC 999714,18
Other services,"Washing, cleaning and dyeing services ",Other textile cleaning services,SAC 999713,18
Other services,"Washing, cleaning and dyeing services ",Coin-operated laundry services,SAC 999711,18
Other services,"Washing, cleaning and dyeing services ",Dry-cleaning services (including fur product cleaning services),SAC 999712,18
